date;time;notes;name;lat;lon;comment
2013-03-23;10:03:30;185;login;46.6681006;15.4602839;5
2013-03-23;10:06:22;185;update;46.669377947;15.4688052105;5
2013-03-23;10:07:42;185;update;46.6682910353;15.4679267699;5
2013-03-23;10:11:21;185;update;46.667510983;15.4676673077;5
2013-03-23;10:21:39;185;update;46.6679899;15.4591277;5
2013-03-23;10:31:31;185;update;46.6679899;15.4591277;5
2013-03-23;10:41:31;185;update;46.6679899;15.4591277;5
2013-03-23;10:49:49;185;update;46.6679899;15.4591277;6
2013-03-23;10:51:23;185;update;46.6669817017;15.4689704896;6
2013-03-23;10:51:31;185;update;46.6676294582;15.4678415655;6
2013-03-23;10:51:37;185;update;46.6673426452;15.4678166601;6
2013-03-23;10:51:51;185;update;46.6671398174;15.4678163954;6
2013-03-23;10:51:57;185;update;46.6672141335;15.4679084185;6
2013-03-23;10:52:05;185;update;46.667264931;15.467957672;6
2013-03-23;10:52:26;185;update;46.6673426284;15.4679221573;6
2013-03-23;10:52:33;185;update;46.6673889983;15.467865002;6
2013-03-23;10:53:03;185;update;46.6673663886;15.4678936562;6
2013-03-23;10:53:53;185;update;46.6674129458;15.4678680987;6
2013-03-23;10:54:46;185;update;46.6674142745;15.467952049;6
2013-03-23;10:54:58;185;update;46.6673581023;15.4679171638;6
2013-03-23;10:55:16;185;update;46.6673070969;15.4678682763;6
2013-03-23;10:55:24;185;update;46.6674030202;15.4679262411;6
2013-03-23;10:55:29;185;update;46.6675524677;15.468168826;6
2013-03-23;10:55:34;185;update;46.6674573729;15.4686091943;6
2013-03-23;10:55:40;185;update;46.6666501994;15.4687614909;6
2013-03-23;10:55:45;185;update;46.6660533799;15.468905823;6
2013-03-23;10:55:51;185;update;46.6655194282;15.4694752778;6
2013-03-23;10:55:56;185;update;46.6650033071;15.4697147162;6
2013-03-23;10:56:02;185;update;46.6645541444;15.4701171129;6
2013-03-23;10:56:07;185;update;46.6643746311;15.4705579531;6
2013-03-23;10:56:12;185;update;46.6639486396;15.4704770221;6
2013-03-23;10:56:18;185;update;46.6633980159;15.4701224556;6
2013-03-23;10:56:24;185;update;46.6627797811;15.4697830355;6
2013-03-23;10:56:29;185;update;46.6622560601;15.4696689173;6
2013-03-23;10:56:35;185;update;46.6615291944;15.4696388041;6
2013-03-23;10:56:40;185;update;46.6609752334;15.4697157615;6
2013-03-23;10:56:46;185;update;46.6606828419;15.4706586289;6
2013-03-23;10:56:52;185;update;46.66054757;15.4721104785;6
2013-03-23;10:56:57;185;update;46.6603953003;15.4735527135;6
2013-03-23;10:57:02;185;update;46.6602576066;15.4749851729;6
2013-03-23;10:57:07;185;update;46.6602129827;15.4762516216;6
2013-03-23;10:57:13;185;update;46.659865303;15.4775646717;6
2013-03-23;10:57:18;185;update;46.6593143299;15.4787488584;6
2013-03-23;10:57:25;185;update;46.658809794;15.4804014935;6
2013-03-23;10:57:30;185;update;46.6583929503;15.482022688;6
2013-03-23;10:57:35;185;update;46.6579076394;15.4832704824;6
2013-03-23;10:57:40;185;update;46.6572575877;15.4843709268;6
2013-03-23;10:57:45;185;update;46.6566774882;15.4851572131;6
2013-03-23;10:57:51;185;update;46.6563768774;15.4854854766;6
2013-03-23;10:57:57;185;update;46.655803736;15.4858847066;6
2013-03-23;10:58:02;185;update;46.65501528;15.4862528603;6
2013-03-23;10:58:09;185;update;46.6543233716;15.4864176179;6
2013-03-23;10:58:15;185;update;46.6542447227;15.4870255065;6
2013-03-23;10:58:21;185;update;46.6541513748;15.4878220624;6
2013-03-23;10:58:26;185;update;46.6542388863;15.488745723;6
2013-03-23;10:58:32;185;update;46.6540707849;15.4899580145;6
2013-03-23;10:58:37;185;update;46.6541852786;15.4906394526;6
2013-03-23;10:58:43;185;update;46.6547848425;15.4913136842;6
2013-03-23;10:58:49;185;update;46.6552033109;15.4924873417;6
2013-03-23;10:58:55;185;update;46.6553535214;15.4933921774;6
2013-03-23;10:59:01;185;update;46.6549907375;15.4938711017;6
2013-03-23;10:59:15;185;update;46.6548847315;15.4939187281;6
2013-03-23;10:59:20;185;update;46.6545198372;15.4939189291;6
2013-03-23;10:59:26;185;update;46.6541408777;15.4937070621;6
2013-03-23;10:59:31;185;update;46.6540010299;15.4936490167;6
2013-03-23;10:59:37;185;update;46.6542821347;15.4939804706;6
2013-03-23;10:59:42;185;update;46.6541215516;15.4945886507;6
2013-03-23;10:59:48;185;update;46.6535940545;15.4952725826;6
2013-03-23;10:59:53;185;update;46.6534034477;15.4958262784;6
2013-03-23;11:00:00;185;update;46.6531928266;15.4966099641;6
2013-03-23;11:00:04;185;update;46.6529287461;15.4973268245;6
2013-03-23;11:00:09;185;update;46.652621785;15.4980266505;6
2013-03-23;11:00:15;185;update;46.6521767019;15.4987255343;6
2013-03-23;11:00:21;185;update;46.6518973051;15.4995639747;6
2013-03-23;11:00:26;185;update;46.6518137484;15.5002807203;6
2013-03-23;11:00:49;185;update;46.6517972887;15.5003923833;6
2013-03-23;11:01:04;185;update;46.6517806203;15.500485725;6
2013-03-23;11:01:10;185;update;46.6580491;15.4804373;6
2013-03-23;11:01:16;185;update;46.6515424365;15.5011943485;6
2013-03-23;11:01:26;185;update;46.6515038879;15.5013167215;6
2013-03-23;11:01:45;185;update;46.65155078;15.5011898161;6
2013-03-23;11:01:50;185;update;46.6515657357;15.5011212494;6
2013-03-23;11:01:56;185;update;46.6515351578;15.5011528512;6
2013-03-23;11:02:04;185;update;46.6514832678;15.501287738;6
2013-03-23;11:02:10;185;update;46.6580491;15.4804373;6
2013-03-23;11:02:30;185;update;46.6580491;15.4804373;6
2013-03-23;11:02:50;185;update;46.6580491;15.4804373;6
2013-03-23;11:03:10;185;update;46.6580491;15.4804373;6
2013-03-23;11:03:30;185;update;46.6580491;15.4804373;6
2013-03-23;11:03:50;185;update;46.6580491;15.4804373;6
2013-03-23;11:04:10;185;update;46.6580491;15.4804373;6
2013-03-23;11:04:30;185;update;46.6580491;15.4804373;6
2013-03-23;11:04:50;185;update;46.6580491;15.4804373;6
2013-03-23;11:05:10;185;update;46.6580491;15.4804373;6
2013-03-23;11:05:29;185;update;46.651505939;15.5012028781;6
2013-03-23;11:05:35;185;update;46.6516055894;15.5009647057;6
2013-03-23;11:05:40;185;update;46.6518759507;15.5003043983;6
2013-03-23;11:05:45;185;update;46.6519442491;15.499483337;6
2013-03-23;11:05:50;185;update;46.6521440871;15.4986201699;6
2013-03-23;11:05:56;185;update;46.6526479875;15.4977582604;6
2013-03-23;11:06:01;185;update;46.6530254719;15.4969473526;6
2013-03-23;11:06:06;185;update;46.6532916736;15.4962241193;6
2013-03-23;11:06:11;185;update;46.6534617811;15.4956146587;6
2013-03-23;11:06:17;185;update;46.6537941816;15.4949276589;6
2013-03-23;11:06:22;185;update;46.654175943;15.4943279059;6
2013-03-23;11:06:28;185;update;46.6542312252;15.4937688789;6
2013-03-23;11:06:35;185;update;46.6540025007;15.4934835768;6
2013-03-23;11:06:41;185;update;46.6544253062;15.4937832894;6
2013-03-23;11:06:46;185;update;46.6549986302;15.4938425196;6
2013-03-23;11:06:52;185;update;46.6553975223;15.4932594229;6
2013-03-23;11:06:58;185;update;46.6552361368;15.4926230761;6
2013-03-23;11:07:05;185;update;46.6549614785;15.4917182697;6
2013-03-23;11:07:09;185;update;46.6544171705;15.4908186038;6
2013-03-23;11:07:14;185;update;46.6540531834;15.4901491841;6
2013-03-23;11:07:20;185;update;46.6542080345;15.4888566347;6
2013-03-23;11:07:25;185;update;46.6541749176;15.4876271088;6
2013-03-23;11:07:30;185;update;46.6542458571;15.4865338546;6
2013-03-23;11:07:35;185;update;46.6543034256;15.4862787027;6
2013-03-23;11:07:41;185;update;46.6546718711;15.4862670411;6
2013-03-23;11:07:47;185;update;46.6556278827;15.4859748874;6
2013-03-23;11:07:53;185;update;46.6565452245;15.4853650508;6
2013-03-23;11:07:59;185;update;46.657424794;15.4842811368;6
2013-03-23;11:08:05;185;update;46.6581291879;15.4828068387;6
2013-03-23;11:08:11;185;update;46.6586281963;15.481228276;6
2013-03-23;11:08:17;185;update;46.6590479731;15.4794263095;6
2013-03-23;11:08:22;185;update;46.6595096448;15.4780959276;6
2013-03-23;11:08:28;185;update;46.6601648047;15.4767851772;6
2013-03-23;11:08:34;185;update;46.6603341498;15.4753480177;6
2013-03-23;11:08:39;185;update;46.660374009;15.473981085;6
2013-03-23;11:08:45;185;update;46.6605586596;15.4723511971;6
2013-03-23;11:08:51;185;update;46.6607126267;15.4710583068;6
2013-03-23;11:08:56;185;update;46.6608071841;15.4701362483;6
2013-03-23;11:09:01;185;update;46.6611112594;15.4696602828;6
2013-03-23;11:09:07;185;update;46.6616781613;15.4696415172;6
2013-03-23;11:09:13;185;update;46.6623306288;15.4697025607;6
2013-03-23;11:09:19;185;update;46.6629404295;15.4698392638;6
2013-03-23;11:09:24;185;update;46.6633928795;15.470052516;6
2013-03-23;11:09:30;185;update;46.6639593298;15.4704307188;6
2013-03-23;11:09:35;185;update;46.6643267897;15.470636714;6
2013-03-23;11:09:40;185;update;46.6645531062;15.4703832287;6
2013-03-23;11:09:46;185;update;46.6648289222;15.469832565;6
2013-03-23;11:09:52;185;update;46.6653635702;15.4695819796;6
2013-03-23;11:09:57;185;update;46.6658232154;15.4692519224;6
2013-03-23;11:10:03;185;update;46.6662955388;15.4688160798;6
2013-03-23;11:10:10;185;update;46.66670457;15.4686289209;6
2013-03-23;11:10:14;185;update;46.6672306497;15.4686192406;6
2013-03-23;11:10:19;185;update;46.6674192464;15.4682699388;6
2013-03-23;11:10:27;185;update;46.6674207415;15.4681504674;6
2013-03-23;11:10:37;185;update;46.6673808896;15.4679469583;6
2013-03-23;11:10:43;185;update;46.6673216026;15.4678679002;6
2013-03-23;11:10:47;185;update;46.6671888799;15.4678683584;6
2013-03-23;11:11:10;185;update;46.6671823302;15.4679354665;6
2013-03-23;11:11:43;185;update;46.6679899;15.4591277;5
2013-03-23;11:12:25;185;update;46.6671823302;15.4679354665;5
2013-03-23;11:14:11;185;update;46.6670925997;15.4679540277;5
2013-03-23;11:14:17;185;update;46.6670924436;15.467773744;5
2013-03-23;11:14:25;185;update;46.667192049;15.4675886616;5
2013-03-23;11:14:35;185;update;46.6672056887;15.4674847456;5
2013-03-23;11:14:50;185;update;46.667180337;15.4673145884;5
2013-03-23;11:15:02;185;update;46.667180337;15.4673145884;5
2013-03-23;11:24:15;185;update;46.6673643622;15.4683336578;5
2013-03-23;11:24:26;185;update;46.6674536027;15.4681912526;5
2013-03-23;11:24:47;185;update;46.6677012005;15.4681480457;5
2013-03-23;11:26:04;185;update;46.667546651;15.4677043051;5
2013-03-23;11:26:47;185;update;46.6672794913;15.4679411542;5
2013-03-23;11:26:58;185;update;46.6672488503;15.4679967292;5
2013-03-23;11:27:25;185;update;46.6672820506;15.4679560981;5
2013-03-23;11:27:30;185;update;46.6672687124;15.4676311577;5
2013-03-23;11:27:37;185;update;46.6672046089;15.4675513929;5
2013-03-23;11:27:47;185;update;46.6671338779;15.4673946652;5
2013-03-23;11:27:52;185;update;46.6671594435;15.4672118724;5
2013-03-23;11:28:01;185;update;46.6671523726;15.4671420792;5
2013-03-23;11:28:10;185;update;46.6670401773;15.4670462676;5
2013-03-23;11:28:26;185;update;46.6669634729;15.4670410556;5
2013-03-23;11:28:38;185;update;46.6669597521;15.4670421928;5
2013-03-23;11:28:44;185;update;46.6669889607;15.4671548787;5
2013-03-23;11:28:51;185;update;46.6670810287;15.4672285273;5
2013-03-23;11:28:59;185;update;46.6671372162;15.4672563734;5
2013-03-23;11:29:06;185;update;46.6671440094;15.4673422085;5
2013-03-23;11:29:12;185;update;46.6671266473;15.4674382435;5
2013-03-23;11:29:45;185;update;46.667098197;15.4675482513;5
2013-03-23;11:29:53;185;update;46.6670724906;15.4676817271;5
2013-03-23;11:30:01;185;update;46.6670723435;15.4678322753;5
2013-03-23;11:30:08;185;update;46.6671402646;15.4679343781;5
2013-03-23;11:30:13;185;update;46.667192882;15.4679559856;5
2013-03-23;11:30:34;185;update;46.6671513053;15.4679915105;5
2013-03-23;11:30:56;185;update;46.6672859647;15.4674787437;5
2013-03-23;11:31:03;185;update;46.6672960494;15.4675342671;5
2013-03-23;11:31:09;185;update;46.6673309861;15.4676188443;5
2013-03-23;11:31:16;185;update;46.6674350862;15.4675148014;5
2013-03-23;11:31:26;185;update;46.6675104938;15.4673462851;5
2013-03-23;11:31:31;185;update;46.6675023526;15.4672460001;5
2013-03-23;11:31:39;185;update;46.6674796515;15.4671195422;5
2013-03-23;11:31:44;185;update;46.6674806307;15.4670847111;5
2013-03-23;11:31:49;185;update;46.667516727;15.4671074534;5
2013-03-23;11:32:03;185;update;46.667560857;15.4671811004;5
2013-03-23;11:32:10;185;update;46.6674962154;15.4672115593;5
2013-03-23;11:32:18;185;update;46.6673622693;15.4672618483;5
2013-03-23;11:32:28;185;update;46.6672588377;15.4672392066;5
2013-03-23;11:32:36;185;update;46.6672535653;15.4671811992;5
2013-03-23;11:32:57;185;update;46.6672877279;15.4672027913;5
2013-03-23;11:33:03;185;update;46.6672570328;15.4672504018;5
2013-03-23;11:33:08;185;update;46.6672562447;15.4673511789;5
2013-03-23;11:33:16;185;update;46.6672748921;15.4674704944;5
2013-03-23;11:33:27;185;update;46.6672129342;15.4675405692;5
2013-03-23;11:33:45;185;update;46.6671636607;15.467557978;5
2013-03-23;11:34:01;185;update;46.667165557;15.4675482478;5
2013-03-23;11:34:46;185;update;46.6671550656;15.4675919455;5
2013-03-23;11:35:40;185;update;46.6671820289;15.4675468036;5
2013-03-23;11:35:48;185;update;46.6672216612;15.4675051871;5
2013-03-23;11:35:56;185;update;46.6672163974;15.4675084866;5
2013-03-23;11:36:15;185;update;46.6671865869;15.4675355522;5
2013-03-23;11:36:36;185;update;46.6671971466;15.4675813957;5
2013-03-23;11:36:49;185;update;46.6672503136;15.4675751512;5
2013-03-23;11:39:32;185;update;46.6675097305;15.4685999865;5
2013-03-23;11:39:39;185;update;46.6673260681;15.4677303557;5
2013-03-23;11:39:48;185;update;46.6672084396;15.4675291174;5
2013-03-23;11:40:12;185;update;46.6672463901;15.4675878557;5
2013-03-23;11:50:28;185;update;46.6679899;15.4591277;5
2013-03-23;12:00:17;185;update;46.6680338498;15.4729719412;5
2013-03-23;12:00:36;185;update;46.6671407475;15.4672645731;5
2013-03-23;12:01:04;185;update;46.6676259738;15.4679777699;5
2013-03-23;12:11:06;185;update;46.6679899;15.4591277;5
2013-03-23;12:16:47;185;update;46.6682607104;15.4719807464;5
2013-03-23;12:17:13;185;update;46.6680501771;15.4676919382;5
2013-03-23;12:17:33;185;update;46.668042707;15.4677269774;5
2013-03-23;12:22:57;185;update;46.6659812531;15.4670118161;5
2013-03-23;12:33:07;185;update;46.6679899;15.4591277;5
2013-03-23;12:35:27;185;update;46.6691795;15.4551128;5
2013-03-23;12:35:39;185;update;46.6673201485;15.4666483861;5
2013-03-23;12:36:59;185;update;46.6673469973;15.4667948885;5
2013-03-23;12:47:10;185;update;46.6679899;15.4591277;5
2013-03-23;12:47:29;185;update;46.6680453;15.4597057;5
2013-03-23;12:47:39;185;update;46.6670088911;15.4675596116;5
2013-03-23;12:47:45;185;update;46.6671969847;15.4676599928;5
2013-03-23;12:47:53;185;update;46.6671842999;15.4679619649;5
2013-03-23;12:47:59;185;update;46.667190865;15.4680097796;5
2013-03-23;12:48:37;185;update;46.6672015835;15.4679974821;5
2013-03-23;12:52:01;185;update;46.6672373402;15.4679519958;5
2013-03-23;12:52:13;185;update;46.6672907026;15.4679074515;5
2013-03-23;12:52:28;185;update;46.6673302814;15.4678008948;5
2013-03-23;12:52:35;185;update;46.667419452;15.4672976981;5
2013-03-23;12:52:41;185;update;46.6676764457;15.4664027745;5
2013-03-23;12:52:45;185;update;46.6678765067;15.4655482436;5
2013-03-23;12:52:51;185;update;46.6681181324;15.4649021886;5
2013-03-23;12:52:57;185;update;46.6682748479;15.4638132578;5
2013-03-23;12:53:03;185;update;46.6683224459;15.4625985453;5
2013-03-23;12:53:09;185;update;46.6682757511;15.4612070445;5
2013-03-23;12:53:13;185;update;46.6681081494;15.4599480428;5
2013-03-23;12:53:20;185;update;46.6677680949;15.458455585;5
2013-03-23;12:53:25;185;update;46.6677978873;15.4572324608;5
2013-03-23;12:53:29;185;update;46.6677159266;15.4559806037;5
2013-03-23;12:53:36;185;update;46.6677634366;15.4544344934;5
2013-03-23;12:53:41;185;update;46.6680096739;15.4530514491;5
2013-03-23;12:53:48;185;update;46.6682528065;15.4517323123;5
2013-03-23;12:53:51;185;update;46.6681623309;15.4504607732;5
2013-03-23;12:53:57;185;update;46.6681124514;15.4492466857;5
2013-03-23;12:54:02;185;update;46.6680729726;15.4479652304;5
2013-03-23;12:54:08;185;update;46.6680385498;15.446512834;5
2013-03-23;12:54:12;185;update;46.6683084318;15.4451858649;5
2013-03-23;12:54:18;185;update;46.668779587;15.4439209433;5
2013-03-23;12:54:22;185;update;46.6691668508;15.4425884038;5
2013-03-23;12:54:29;185;update;46.6693655178;15.4410673275;5
2013-03-23;12:54:33;185;update;46.6697980872;15.4398499064;5
2013-03-23;12:54:40;185;update;46.6700787403;15.4381772661;5
2013-03-23;12:54:46;185;update;46.670051634;15.4365771465;5
2013-03-23;12:54:52;185;update;46.6700053347;15.4352679742;5
2013-03-23;12:54:57;185;update;46.6703186287;15.4342366402;5
2013-03-23;12:55:01;185;update;46.6708868227;15.4336096738;5
2013-03-23;12:55:07;185;update;46.6712041007;15.432409108;5
2013-03-23;12:55:15;185;update;46.6715435418;15.4309260964;5
2013-03-23;12:55:17;185;update;46.671593922;15.4295523998;5
2013-03-23;12:55:23;185;update;46.6716187572;15.4280531217;5
2013-03-23;12:55:29;185;update;46.6715348763;15.4264564704;5
2013-03-23;12:55:33;185;update;46.6712958411;15.4253223937;5
2013-03-23;12:55:40;185;update;46.6709176149;15.4240106693;5
2013-03-23;12:55:45;185;update;46.6709233679;15.4229791292;5
2013-03-23;12:55:52;185;update;46.6710301388;15.4219438206;5
2013-03-23;12:55:55;185;update;46.6713542562;15.4212349773;5
2013-03-23;12:56:02;185;update;46.6718098594;15.4203302413;5
2013-03-23;12:56:07;185;update;46.6720523037;15.4192483741;5
2013-03-23;12:56:13;185;update;46.672089915;15.4178933608;5
2013-03-23;12:56:18;185;update;46.6722273059;15.4162490771;5
2013-03-23;12:56:23;185;update;46.6726505914;15.4151525919;5
2013-03-23;12:56:27;185;update;46.6731755884;15.4142172155;5
2013-03-23;12:56:33;185;update;46.6735847111;15.4133067737;5
2013-03-23;12:56:38;185;update;46.6742307044;15.412733034;5
2013-03-23;12:56:46;185;update;46.6749070442;15.4117586717;5
2013-03-23;12:56:48;185;update;46.6752413769;15.4105805266;5
2013-03-23;12:56:55;185;update;46.675488204;15.4092489447;5
2013-03-23;12:57:00;185;update;46.6754737327;15.4082228768;5
2013-03-23;12:57:06;185;update;46.6755774727;15.407193812;5
2013-03-23;12:57:12;185;update;46.6759807244;15.4061718203;5
2013-03-23;12:57:17;185;update;46.6761927059;15.4052349198;5
2013-03-23;12:57:26;185;update;46.6762329336;15.4041253489;5
2013-03-23;12:57:27;185;update;46.6763960307;15.4033113036;5
2013-03-23;12:57:32;185;update;46.6766858324;15.4027053809;5
2013-03-23;12:57:40;185;update;46.6771368904;15.4022506073;5
2013-03-23;12:57:46;185;update;46.6773079959;15.4019877283;5
2013-03-23;12:58:10;185;update;46.6773320629;15.4019592928;5
2013-03-23;13:01:49;185;update;46.6773992242;15.4020314485;5
2013-03-23;13:02:02;185;update;46.6773992242;15.4020314485;5
2013-03-23;13:04:37;185;update;46.6774547524;15.4020467788;5
2013-03-23;13:04:50;185;update;46.67749862;15.4019977902;5
2013-03-23;13:04:56;185;update;46.6777853135;15.4017280714;5
2013-03-23;13:05:02;185;update;46.6783238363;15.4015818663;5
2013-03-23;13:05:08;185;update;46.6792285999;15.4014617952;5
2013-03-23;13:05:12;185;update;46.6799624108;15.4014527813;5
2013-03-23;13:05:19;185;update;46.680863123;15.4012419172;5
2013-03-23;13:05:24;185;update;46.6816345775;15.4004350957;5
2013-03-23;13:05:30;185;update;46.6823937306;15.3997170504;5
2013-03-23;13:05:34;185;update;46.6834560073;15.3991412211;5
2013-03-23;13:05:39;185;update;46.6843022021;15.3986162893;5
2013-03-23;13:05:45;185;update;46.6850250177;15.3977008766;5
2013-03-23;13:05:53;185;update;46.6860980053;15.3970454149;5
2013-03-23;13:05:56;185;update;46.687271644;15.3963129868;5
2013-03-23;13:06:03;185;update;46.6882768536;15.395781493;5
2013-03-23;13:06:07;185;update;46.689479276;15.3953619015;5
2013-03-23;13:06:12;185;update;46.6904878822;15.3955247395;5
2013-03-23;13:06:19;185;update;46.6917727273;15.3956364944;5
2013-03-23;13:06:25;185;update;46.6931751436;15.3956729737;5
2013-03-23;13:06:29;185;update;46.6942954517;15.3957820435;5
2013-03-23;13:06:36;185;update;46.6954857938;15.3961487354;5
2013-03-23;13:06:42;185;update;46.6964033953;15.3968000251;5
2013-03-23;13:06:48;185;update;46.6973639103;15.3963965772;5
2013-03-23;13:06:53;185;update;46.6982143251;15.3956013407;5
2013-03-23;13:06:59;185;update;46.6989212929;15.3945287475;5
2013-03-23;13:07:05;185;update;46.6992157153;15.3939381828;5
2013-03-23;13:07:09;185;update;46.6993005967;15.3933941066;5
2013-03-23;13:07:15;185;update;46.6996925111;15.3927682983;5
2013-03-23;13:07:21;185;update;46.7006047053;15.392398716;5
2013-03-23;13:07:26;185;update;46.7015906807;15.3929404819;5
2013-03-23;13:07:32;185;update;46.7027515122;15.3935679073;5
2013-03-23;13:07:38;185;update;46.7039998171;15.3943116395;5
2013-03-23;13:07:42;185;update;46.705001611;15.3951237463;5
2013-03-23;13:07:48;185;update;46.7059660026;15.3958530772;5
2013-03-23;13:07:54;185;update;46.7072303144;15.3964869499;5
2013-03-23;13:07:58;185;update;46.7082492379;15.397309461;5
2013-03-23;13:08:04;185;update;46.7091950286;15.398344775;5
2013-03-23;13:08:09;185;update;46.7101834211;15.3992503644;5
2013-03-23;13:08:13;185;update;46.7112828205;15.39993854;5
2013-03-23;13:08:19;185;update;46.7122590203;15.4007873726;5
2013-03-23;13:08:24;185;update;46.7131088651;15.402068318;5
2013-03-23;13:08:29;185;update;46.7140164816;15.4038072915;5
2013-03-23;13:08:35;185;update;46.7147754599;15.405080832;5
2013-03-23;13:08:40;185;update;46.7157105184;15.4058465818;5
2013-03-23;13:08:45;185;update;46.716625687;15.4062806812;5
2013-03-23;13:08:51;185;update;46.717385436;15.4072316045;5
2013-03-23;13:08:56;185;update;46.7177107073;15.4082017484;5
2013-03-23;13:09:02;185;update;46.7181358794;15.4086872556;5
2013-03-23;13:09:07;185;update;46.718507908;15.4090606953;5
2013-03-23;13:09:13;185;update;46.7191262264;15.4098287852;5
2013-03-23;13:09:18;185;update;46.7199212478;15.4108377082;5
2013-03-23;13:09:25;185;update;46.7207855943;15.4120698031;5
2013-03-23;13:09:29;185;update;46.7213811039;15.4133477055;5
2013-03-23;13:09:36;185;update;46.7219121143;15.4152780987;5
2013-03-23;13:09:42;185;update;46.722149539;15.4171740776;5
2013-03-23;13:09:48;185;update;46.7226253897;15.4185652421;5
2013-03-23;13:09:53;185;update;46.7233332597;15.4195085137;5
2013-03-23;13:09:58;185;update;46.7240318118;15.4206724401;5
2013-03-23;13:10:06;185;update;46.7249590785;15.4221622933;5
2013-03-23;13:10:08;185;update;46.7257627448;15.4234686726;5
2013-03-23;13:10:15;185;update;46.7264951601;15.4251640903;5
2013-03-23;13:10:20;185;update;46.726942671;15.4266835599;5
2013-03-23;13:10:26;185;update;46.7276112002;15.4283834089;5
2013-03-23;13:10:30;185;update;46.7283602399;15.4297419717;5
2013-03-23;13:10:37;185;update;46.7291901459;15.4311629016;5
2013-03-23;13:10:42;185;update;46.729705393;15.4326989667;5
2013-03-23;13:10:48;185;update;46.7303230618;15.4340062092;5
2013-03-23;13:10:52;185;update;46.7309412501;15.435382536;5
2013-03-23;13:10:58;185;update;46.7316560949;15.4366865506;5
2013-03-23;13:11:03;185;update;46.7324040625;15.437864157;5
2013-03-23;13:11:09;185;update;46.7331675184;15.4387430828;5
2013-03-23;13:11:15;185;update;46.7338631164;15.4394805881;5
2013-03-23;13:11:21;185;update;46.7346327725;15.4399181217;5
2013-03-23;13:11:25;185;update;46.7351921149;15.4404073182;5
2013-03-23;13:11:31;185;update;46.7357177611;15.4410505957;5
2013-03-23;13:11:37;185;update;46.7363231205;15.4415204101;5
2013-03-23;13:11:43;185;update;46.7369190452;15.4419672129;5
2013-03-23;13:11:49;185;update;46.7373362705;15.4425410134;5
2013-03-23;13:11:54;185;update;46.7375632335;15.4432129949;5
2013-03-23;13:12:02;185;update;46.7373726819;15.4440601746;5
2013-03-23;13:12:05;185;update;46.7368177814;15.4448403069;5
2013-03-23;13:12:11;185;update;46.7362580443;15.4454293068;5
2013-03-23;13:12:17;185;update;46.7357753188;15.4466268709;5
2013-03-23;13:12:22;185;update;46.7353366264;15.4474695182;5
2013-03-23;13:12:28;185;update;46.734866737;15.4486503427;5
2013-03-23;13:12:33;185;update;46.734513792;15.4496455418;5
2013-03-23;13:12:39;185;update;46.7341260459;15.4508086657;5
2013-03-23;13:12:45;185;update;46.7341887963;15.4521246371;5
2013-03-23;13:12:51;185;update;46.7346591864;15.453386043;5
2013-03-23;13:12:57;185;update;46.7353319688;15.4548158063;5
2013-03-23;13:13:03;185;update;46.7359853359;15.4565597489;5
2013-03-23;13:13:08;185;update;46.736527157;15.4580999811;5
2013-03-23;13:13:12;185;update;46.7371161106;15.4596626683;5
2013-03-23;13:13:19;185;update;46.7379722001;15.4611983605;5
2013-03-23;13:13:25;185;update;46.7389687934;15.4624173899;5
2013-03-23;13:13:30;185;update;46.7397459043;15.463397654;5
2013-03-23;13:13:34;185;update;46.740417968;15.4643595157;5
2013-03-23;13:13:40;185;update;46.7411478364;15.4652167468;5
2013-03-23;13:13:46;185;update;46.741988602;15.4661900434;5
2013-03-23;13:13:51;185;update;46.7426887747;15.46703204;5
2013-03-23;13:13:56;185;update;46.7435363667;15.4678857965;5
2013-03-23;13:14:01;185;update;46.7441806885;15.4684758177;5
2013-03-23;13:14:07;185;update;46.7447016333;15.4692243909;5
2013-03-23;13:14:14;185;update;46.7451288702;15.4703549923;5
2013-03-23;13:14:18;185;update;46.7455858467;15.471176682;5
2013-03-23;13:14:25;185;update;46.7464383744;15.4723736629;5
2013-03-23;13:14:29;185;update;46.7473249431;15.4728321882;5
2013-03-23;13:14:36;185;update;46.7484272361;15.4731138952;5
2013-03-23;13:14:42;185;update;46.7493689717;15.4736808168;5
2013-03-23;13:14:48;185;update;46.7503182522;15.4742751229;5
2013-03-23;13:14:54;185;update;46.7512309504;15.4748784301;5
2013-03-23;13:14:59;185;update;46.7518515151;15.4757195588;5
2013-03-23;13:15:05;185;update;46.7524950092;15.4769620487;5
2013-03-23;13:15:11;185;update;46.7532797019;15.4780455249;5
2013-03-23;13:15:17;185;update;46.7541554966;15.4790188764;5
2013-03-23;13:15:23;185;update;46.7549218928;15.4801479462;5
2013-03-23;13:15:28;185;update;46.7553479223;15.4813097628;5
2013-03-23;13:15:32;185;update;46.7555937332;15.4825015172;5
2013-03-23;13:15:39;185;update;46.7558444803;15.4839389003;5
2013-03-23;13:15:44;185;update;46.7561535388;15.4851020249;5
2013-03-23;13:15:48;185;update;46.7567082944;15.4860525826;5
2013-03-23;13:15:55;185;update;46.7574699187;15.4868314274;5
2013-03-23;13:16:01;185;update;46.7582050877;15.4873816406;5
2013-03-23;13:16:05;185;update;46.7586389334;15.487768017;5
2013-03-23;13:16:12;185;update;46.7590935162;15.4881063442;5
2013-03-23;13:16:16;185;update;46.759693274;15.4886355065;5
2013-03-23;13:16:23;185;update;46.7601796624;15.4893817297;5
2013-03-23;13:16:31;185;update;46.7605697518;15.4902086212;5
2013-03-23;13:16:34;185;update;46.7608088912;15.4912952075;5
2013-03-23;13:16:40;185;update;46.7610926523;15.4920549063;5
2013-03-23;13:16:45;185;update;46.7616052656;15.4926522292;5
2013-03-23;13:16:51;185;update;46.7622909587;15.4931956029;5
2013-03-23;13:16:57;185;update;46.7630180357;15.4933123219;5
2013-03-23;13:17:03;185;update;46.7637200462;15.4937183737;5
2013-03-23;13:17:09;185;update;46.7642173557;15.4944254369;5
2013-03-23;13:17:15;185;update;46.7643605408;15.4950603812;5
2013-03-23;13:17:23;185;update;46.764428837;15.4955931408;5
2013-03-23;13:17:27;185;update;46.7646695246;15.4966476378;5
2013-03-23;13:17:33;185;update;46.7652131706;15.4975968409;5
2013-03-23;13:17:38;185;update;46.7658443669;15.498444684;5
2013-03-23;13:17:43;185;update;46.7665557215;15.4995446871;5
2013-03-23;13:17:49;185;update;46.7670905203;15.5005067331;5
2013-03-23;13:17:55;185;update;46.7677010411;15.5015190546;5
2013-03-23;13:18:01;185;update;46.7683617216;15.5020675726;5
2013-03-23;13:18:04;185;update;46.7690925525;15.5024141224;5
2013-03-23;13:18:10;185;update;46.7699681983;15.5031663976;5
2013-03-23;13:18:16;185;update;46.7705654721;15.5044035186;5
2013-03-23;13:18:22;185;update;46.7713047144;15.5056656636;5
2013-03-23;13:18:28;185;update;46.772300952;15.506563732;5
2013-03-23;13:18:32;185;update;46.7731804453;15.5069412876;5
2013-03-23;13:18:39;185;update;46.7743333173;15.5070815693;5
2013-03-23;13:18:44;185;update;46.7751902791;15.5070789988;5
2013-03-23;13:18:50;185;update;46.7760818871;15.5077795652;5
2013-03-23;13:18:56;185;update;46.776736736;15.5089359435;5
2013-03-23;13:19:01;185;update;46.7772312733;15.5097501674;5
2013-03-23;13:19:07;185;update;46.7778942;15.5105723161;5
2013-03-23;13:19:13;185;update;46.7781664623;15.5118116685;5
2013-03-23;13:19:18;185;update;46.7784094817;15.5129708733;5
2013-03-23;13:19:23;185;update;46.7785811507;15.5142858774;5
2013-03-23;13:19:28;185;update;46.7786320156;15.515839093;5
2013-03-23;13:19:35;185;update;46.7786579249;15.5173411568;5
2013-03-23;13:19:39;185;update;46.7787807464;15.5184627805;5
2013-03-23;13:19:45;185;update;46.7795434636;15.5192860738;5
2013-03-23;13:19:52;185;update;46.7805192624;15.5190943938;5
2013-03-23;13:19:57;185;update;46.7814932663;15.5185220785;5
2013-03-23;13:20:03;185;update;46.7824254627;15.5174984053;5
2013-03-23;13:20:19;185;update;46.7834748854;15.5167901745;5
2013-03-23;13:20:20;185;update;46.7844759633;15.5168186975;5
2013-03-23;13:20:24;185;update;46.7857115901;15.5170433329;5
2013-03-23;13:20:25;185;update;46.7866643476;15.517442228;5
2013-03-23;13:20:30;185;update;46.7875402951;15.5178986018;5
2013-03-23;13:20:37;185;update;46.7886084752;15.5185493693;5
2013-03-23;13:20:41;185;update;46.7894186827;15.5194295944;5
2013-03-23;13:20:47;185;update;46.7901349192;15.5206730221;5
2013-03-23;13:20:52;185;update;46.7907418075;15.5217827905;5
2013-03-23;13:20:59;185;update;46.7913568267;15.5231780779;5
2013-03-23;13:21:05;185;update;46.7920336889;15.5245863956;5
2013-03-23;13:21:09;185;update;46.7926109223;15.5258185146;5
2013-03-23;13:21:15;185;update;46.7931717576;15.527081073;5
2013-03-23;13:21:21;185;update;46.7938100316;15.5286098182;5
2013-03-23;13:21:26;185;update;46.7943532573;15.5297892952;5
2013-03-23;13:21:31;185;update;46.7946656566;15.5306921166;5
2013-03-23;13:21:38;185;update;46.7942341967;15.5314186293;5
2013-03-23;13:21:44;185;update;46.7934527437;15.5321250359;5
2013-03-23;13:21:48;185;update;46.79288948;15.5324676927;5
2013-03-23;13:21:55;185;update;46.7927695758;15.5331204654;5
2013-03-23;13:22:01;185;update;46.7924727336;15.5332271352;5
2013-03-23;13:22:07;185;update;46.7919731564;15.5331183925;5
2013-03-23;13:22:12;185;update;46.7915095351;15.5331490381;5
2013-03-23;13:22:17;185;update;46.7909921827;15.5333033561;5
2013-03-23;13:22:23;185;update;46.7902399768;15.5333735372;5
2013-03-23;13:22:29;185;update;46.7893884449;15.5334937457;5
2013-03-23;13:22:33;185;update;46.7886653371;15.5336292717;5
2013-03-23;13:22:39;185;update;46.7878819322;15.5337782506;5
2013-03-23;13:22:45;185;update;46.7868838356;15.5339666717;5
2013-03-23;13:22:49;185;update;46.786016485;15.5341220844;5
2013-03-23;13:22:56;185;update;46.7850243667;15.5344783159;5
2013-03-23;13:23:04;185;update;46.7841690941;15.5349684152;5
2013-03-23;13:23:07;185;update;46.7836045322;15.5353206996;5
2013-03-23;13:23:14;185;update;46.7828267229;15.5357750556;5
2013-03-23;13:23:18;185;update;46.7821952541;15.5360944052;5
2013-03-23;13:23:23;185;update;46.7816414663;15.5364513266;5
2013-03-23;13:23:29;185;update;46.7812014628;15.5368570907;5
2013-03-23;13:23:35;185;update;46.7807325916;15.5372374683;5
2013-03-23;13:23:39;185;update;46.780254711;15.5376697298;5
2013-03-23;13:23:46;185;update;46.7795798207;15.5381335454;5
2013-03-23;13:23:50;185;update;46.7790114432;15.538500387;5
2013-03-23;13:23:57;185;update;46.7784962793;15.5388218136;5
2013-03-23;13:24:01;185;update;46.7782193287;15.5391984403;5
2013-03-23;13:24:08;185;update;46.7784136539;15.5401087317;5
2013-03-23;13:24:12;185;update;46.7785870085;15.540854612;5
2013-03-23;13:24:19;185;update;46.7787469794;15.5416398522;5
2013-03-23;13:24:23;185;update;46.7789193522;15.5423617401;5
2013-03-23;13:24:30;185;update;46.7790095733;15.5429815467;5
2013-03-23;13:24:35;185;update;46.7790690134;15.543385003;5
2013-03-23;13:24:42;185;update;46.7792753884;15.5441366503;5
2013-03-23;13:24:46;185;update;46.7793985029;15.5449520001;5
2013-03-23;13:24:53;185;update;46.7795696048;15.5458751991;5
2013-03-23;13:24:59;185;update;46.7796829559;15.5466155028;5
2013-03-23;13:25:05;185;update;46.7799267317;15.5468892032;5
2013-03-23;13:25:09;185;update;46.7803433777;15.5467485162;5
2013-03-23;13:26:00;185;update;46.7804968386;15.5466593605;5
2013-03-23;13:27:56;185;update;46.7804968386;15.5466593605;5
2013-03-23;13:29:51;185;update;46.7805898409;15.5466321044;5
2013-03-23;13:29:54;185;update;46.7808821043;15.5465279434;5
2013-03-23;13:30:00;185;update;46.7813212687;15.5464169856;5
2013-03-23;13:30:05;185;update;46.7818031564;15.5462710766;5
2013-03-23;13:30:12;185;update;46.7822557719;15.5461220363;5
2013-03-23;13:30:17;185;update;46.7823241158;15.5457259174;5
2013-03-23;13:30:23;185;update;46.782337496;15.5448556097;5
2013-03-23;13:30:28;185;update;46.782372327;15.5440701176;5
2013-03-23;13:30:34;185;update;46.7823797262;15.543164803;5
2013-03-23;13:30:42;185;update;46.7823541335;15.5425065577;5
2013-03-23;13:30:48;185;update;46.7822672228;15.5419666407;5
2013-03-23;13:30:54;185;update;46.7822205216;15.5412249733;5
2013-03-23;13:31:00;185;update;46.7821860442;15.5407511243;5
2013-03-23;13:31:06;185;update;46.7821753766;15.5401302359;5
2013-03-23;13:31:10;185;update;46.7820658155;15.5396336368;5
2013-03-23;13:31:17;185;update;46.7817724976;15.5390553962;5
2013-03-23;13:31:21;185;update;46.7815156951;15.538566351;5
2013-03-23;13:31:28;185;update;46.7813723069;15.5379308822;5
2013-03-23;13:31:33;185;update;46.7811435978;15.537497073;5
2013-03-23;13:31:39;185;update;46.7810162075;15.5372529973;5
2013-03-23;13:31:46;185;update;46.7810825237;15.5370252726;5
2013-03-23;13:31:55;185;update;46.7809614898;15.5364092365;5
2013-03-23;13:31:57;185;update;46.7806751996;15.535427154;5
2013-03-23;13:32:03;185;update;46.7804922768;15.5344435254;5
2013-03-23;13:32:08;185;update;46.7802361223;15.533401038;5
2013-03-23;13:32:13;185;update;46.7799302285;15.5322601458;5
2013-03-23;13:32:20;185;update;46.7799383818;15.5309539995;5
2013-03-23;13:32:27;185;update;46.7800277589;15.5295340505;5
2013-03-23;13:32:32;185;update;46.7801568836;15.528200945;5
2013-03-23;13:32:38;185;update;46.7802508029;15.5270781105;5
2013-03-23;13:32:46;185;update;46.7806017488;15.5265383682;5
2013-03-23;13:32:50;185;update;46.7814648321;15.5262783592;5
2013-03-23;13:32:57;185;update;46.7823925479;15.5260109444;5
2013-03-23;13:33:04;185;update;46.7829862533;15.5259145708;5
2013-03-23;13:33:10;185;update;46.7825798904;15.5257928362;5
2013-03-23;13:33:15;185;update;46.7819651162;15.5256389406;5
2013-03-23;13:33:20;185;update;46.7811282537;15.525394877;5
2013-03-23;13:33:28;185;update;46.7802315799;15.525012092;5
2013-03-23;13:33:31;185;update;46.7796706496;15.5244247642;5
2013-03-23;13:33:58;185;update;46.7785025837;15.524053349;5
2013-03-23;13:33:58;185;update;46.7773476924;15.5242527443;5
2013-03-23;13:33:58;185;update;46.7778601126;15.5242028628;5
2013-03-23;13:33:59;185;update;46.7790835425;15.524078219;5
2013-03-23;13:33:59;185;update;46.7768774938;15.5240343542;5
2013-03-23;13:34:06;185;update;46.7763368473;15.5236503812;5
2013-03-23;13:34:10;185;update;46.7759303633;15.522774764;5
2013-03-23;13:34:17;185;update;46.7756497659;15.5215948374;5
2013-03-23;13:34:23;185;update;46.7758121674;15.5207180321;5
2013-03-23;13:34:29;185;update;46.7762077964;15.5195471965;5
2013-03-23;13:34:33;185;update;46.77633701;15.5187243045;5
2013-03-23;13:34:40;185;update;46.7765641504;15.5191301848;5
2013-03-23;13:34:45;185;update;46.7768411695;15.5196329447;5
2013-03-23;13:34:51;185;update;46.7774464359;15.5194410349;5
2013-03-23;13:34:56;185;update;46.7781290937;15.5194349568;5
2013-03-23;13:35:02;185;update;46.7788506022;15.5190348214;5
2013-03-23;13:35:11;185;update;46.7790082954;15.518723861;5
2013-03-23;13:35:17;185;update;46.7787708027;15.5181471144;5
2013-03-23;13:35:23;185;update;46.7786593721;15.5168881067;5
2013-03-23;13:35:28;185;update;46.778622345;15.5155685783;5
2013-03-23;13:35:35;185;update;46.7784891182;15.5138458185;5
2013-03-23;13:35:39;185;update;46.7782070425;15.5122056405;5
2013-03-23;13:35:45;185;update;46.7778544663;15.5109227322;5
2013-03-23;13:35:51;185;update;46.7772957991;15.5097899345;5
2013-03-23;13:35:56;185;update;46.7765956108;15.5090061966;5
2013-03-23;13:36:01;185;update;46.7760383627;15.5079371795;5
2013-03-23;13:36:07;185;update;46.775171965;15.5070517862;5
2013-03-23;13:36:13;185;update;46.773879284;15.5070254698;5
2013-03-23;13:36:19;185;update;46.7725462057;15.5066712491;5
2013-03-23;13:36:25;185;update;46.7713538473;15.5057276999;5
2013-03-23;13:36:31;185;update;46.7703821928;15.5042715632;5
2013-03-23;13:36:37;185;update;46.7695943283;15.5027341253;5
2013-03-23;13:36:42;185;update;46.7686506789;15.502012143;5
2013-03-23;13:36:48;185;update;46.7675639639;15.501308195;5
2013-03-23;13:36:53;185;update;46.7670071498;15.500435433;5
2013-03-23;13:36:57;185;update;46.766587673;15.4996030352;5
2013-03-23;13:37:05;185;update;46.7660717812;15.498695447;5
2013-03-23;13:37:10;185;update;46.7655394432;15.4978630656;5
2013-03-23;13:37:15;185;update;46.7650887794;15.4971816343;5
2013-03-23;13:37:21;185;update;46.7645936457;15.4963104688;5
2013-03-23;13:37:26;185;update;46.7643765988;15.4955377205;5
2013-03-23;13:37:32;185;update;46.7642980246;15.4949792176;5
2013-03-23;13:37:37;185;update;46.7640623614;15.4944563121;5
2013-03-23;13:37:42;185;update;46.7637567341;15.493761262;5
2013-03-23;13:37:48;185;update;46.7631628429;15.4932577661;5
2013-03-23;13:37:52;185;update;46.7625720986;15.4931255146;5
2013-03-23;13:37:59;185;update;46.7620027627;15.4929956307;5
2013-03-23;13:38:07;185;update;46.7618943499;15.4928648483;5
2013-03-23;13:38:14;185;update;46.7618523619;15.4928278207;5
2013-03-23;13:38:20;185;update;46.7616148069;15.4925839771;5
2013-03-23;13:38:26;185;update;46.7610968772;15.4920836149;5
2013-03-23;13:38:32;185;update;46.7606125297;15.4911866899;5
2013-03-23;13:38:37;185;update;46.7604311839;15.4903001354;5
2013-03-23;13:38:43;185;update;46.7601558625;15.4894073743;5
2013-03-23;13:38:48;185;update;46.7597120615;15.4886276967;5
2013-03-23;13:38:53;185;update;46.7592119673;15.488025948;5
2013-03-23;13:38:59;185;update;46.7584499014;15.4874342365;5
2013-03-23;13:39:05;185;update;46.757538526;15.486709519;5
2013-03-23;13:39:11;185;update;46.7566245541;15.4857396448;5
2013-03-23;13:39:16;185;update;46.7560319621;15.4845291795;5
2013-03-23;13:39:21;185;update;46.7556921478;15.4830330669;5
2013-03-23;13:39:26;185;update;46.7553915604;15.4814241474;5
2013-03-23;13:39:30;185;update;46.7548237958;15.4799649343;5
2013-03-23;13:39:37;185;update;46.7538290803;15.4786325739;5
2013-03-23;13:39:41;185;update;46.7529459572;15.4776591884;5
2013-03-23;13:39:48;185;update;46.7521064767;15.4762990996;5
2013-03-23;13:39:53;185;update;46.7514455989;15.4751628898;5
2013-03-23;13:39:59;185;update;46.750428027;15.4742306851;5
2013-03-23;13:40:04;185;update;46.7494870271;15.4736377617;5
2013-03-23;13:40:10;185;update;46.7483331199;15.4729439762;5
2013-03-23;13:40:16;185;update;46.7470797981;15.4725642317;5
2013-03-23;13:40:21;185;update;46.7461247486;15.4719713571;5
2013-03-23;13:40:27;185;update;46.7452988092;15.470785931;5
2013-03-23;13:40:33;185;update;46.7446413331;15.4694448508;5
2013-03-23;13:40:39;185;update;46.7442536075;15.4684840544;5
2013-03-23;13:40:42;185;update;46.7436729143;15.4677465951;5
2013-03-23;13:40:48;185;update;46.7429133578;15.46716387;5
2013-03-23;13:40:54;185;update;46.7420147054;15.4662573134;5
2013-03-23;13:41:00;185;update;46.7411791513;15.4652816345;5
2013-03-23;13:41:05;185;update;46.7404755606;15.4644897018;5
2013-03-23;13:41:11;185;update;46.7503042;15.47609;5
2013-03-23;13:41:15;185;update;46.7391127143;15.4625984998;5
2013-03-23;13:41:22;185;update;46.7382995583;15.4615319796;5
2013-03-23;13:41:28;185;update;46.7375058707;15.4603926896;5
2013-03-23;13:41:34;185;update;46.7369014857;15.4590136909;5
2013-03-23;13:41:39;185;update;46.7364154916;15.4577391725;5
2013-03-23;13:41:46;185;update;46.7358457155;15.4561910013;5
2013-03-23;13:41:51;185;update;46.7353261874;15.4547414957;5
2013-03-23;13:41:59;185;update;46.7348037744;15.4534901784;5
2013-03-23;13:42:01;185;update;46.7344919367;15.4527555205;5
2013-03-23;13:42:08;185;update;46.7341831006;15.4518869624;5
2013-03-23;13:42:12;185;update;46.7341045568;15.4510173563;5
2013-03-23;13:42:19;185;update;46.7343015867;15.4500593136;5
2013-03-23;13:42:25;185;update;46.7346473;15.4491389345;5
2013-03-23;13:42:30;185;update;46.7349391337;15.4484164512;5
2013-03-23;13:42:36;185;update;46.735233169;15.4476143125;5
2013-03-23;13:42:41;185;update;46.7355911162;15.4468145827;5
2013-03-23;13:42:49;185;update;46.7359091579;15.4462103136;5
2013-03-23;13:42:52;185;update;46.7362010321;15.4454428352;5
2013-03-23;13:42:59;185;update;46.736600341;15.4448626915;5
2013-03-23;13:43:04;185;update;46.736996369;15.4444414327;5
2013-03-23;13:43:10;185;update;46.7373269108;15.443950069;5
2013-03-23;13:43:14;185;update;46.7375182739;15.443263977;5
2013-03-23;13:43:20;185;update;46.7374159686;15.4427477873;5
2013-03-23;13:43:25;185;update;46.7372687569;15.4423927337;5
2013-03-23;13:43:31;185;update;46.7370342848;15.4420273086;5
2013-03-23;13:43:36;185;update;46.7367297298;15.4417799975;5
2013-03-23;13:43:42;185;update;46.7361778968;15.441406844;5
2013-03-23;13:43:48;185;update;46.7356449443;15.4410811637;5
2013-03-23;13:43:52;185;update;46.7350610061;15.4404165327;5
2013-03-23;13:43:58;185;update;46.7345411778;15.4398192268;5
2013-03-23;13:44:04;185;update;46.7338466924;15.4394101173;5
2013-03-23;13:44:10;185;update;46.7331940884;15.4387647207;5
2013-03-23;13:44:15;185;update;46.7326512739;15.4382101174;5
2013-03-23;13:44:21;185;update;46.731967719;15.4373544629;5
2013-03-23;13:44:27;185;update;46.731346658;15.4362188476;5
2013-03-23;13:44:33;185;update;46.7307146365;15.4348694699;5
2013-03-23;13:44:38;185;update;46.7302076808;15.4336975551;5
2013-03-23;13:44:43;185;update;46.7296786323;15.4325825075;5
2013-03-23;13:44:50;185;update;46.7292056757;15.4311459601;5
2013-03-23;13:44:55;185;update;46.7284471408;15.4298380033;5
2013-03-23;13:45:01;185;update;46.7276844662;15.4284397073;5
2013-03-23;13:45:06;185;update;46.7271010097;15.4271946712;5
2013-03-23;13:45:12;185;update;46.7265893341;15.425508643;5
2013-03-23;13:45:17;185;update;46.7260497947;15.4240962686;5
2013-03-23;13:45:23;185;update;46.7252121897;15.4225210609;5
2013-03-23;13:45:29;185;update;46.7242505892;15.4210489413;5
2013-03-23;13:45:34;185;update;46.723608392;15.4199518795;5
2013-03-23;13:45:40;185;update;46.7229440295;15.4188258767;5
2013-03-23;13:45:44;185;update;46.7224476264;15.4180484375;5
2013-03-23;13:45:51;185;update;46.7361378;15.4376068;5
2013-03-23;13:45:56;185;update;46.7214251479;15.4172256159;5
2013-03-23;13:46:02;185;update;46.7207118168;15.4165233465;5
2013-03-23;13:46:08;185;update;46.7201775941;15.4155125886;5
2013-03-23;13:46:12;185;update;46.7198750917;15.4146821758;5
2013-03-23;13:46:20;185;update;46.7197091608;15.4139735535;5
2013-03-23;13:46:23;185;update;46.719141413;15.4138498142;5
2013-03-23;13:46:29;185;update;46.7185658354;15.4136564213;5
2013-03-23;13:46:34;185;update;46.7180988246;15.4130851325;5
2013-03-23;13:46:39;185;update;46.7175459433;15.4124647156;5
2013-03-23;13:46:45;185;update;46.7170209186;15.4117304028;5
2013-03-23;13:46:49;185;update;46.7167767065;15.4114520987;5
2013-03-23;13:46:56;185;update;46.7161962345;15.4110930937;5
2013-03-23;13:46:59;185;update;46.7154335934;15.4107238563;5
2013-03-23;13:47:06;185;update;46.7145414578;15.4100239222;5
2013-03-23;13:47:11;185;update;46.7137173047;15.4090526079;5
2013-03-23;13:47:18;185;update;46.7129052755;15.4081199024;5
2013-03-23;13:47:23;185;update;46.7122057203;15.407461758;5
2013-03-23;13:47:29;185;update;46.7115294619;15.4064419277;5
2013-03-23;13:47:35;185;update;46.7108776838;15.4054257155;5
2013-03-23;13:47:41;185;update;46.709861753;15.4048311737;5
2013-03-23;13:47:48;185;update;46.7089530552;15.4043567904;5
2013-03-23;13:47:51;185;update;46.7078128844;15.4040132653;5
2013-03-23;13:47:57;185;update;46.7070323311;15.403893985;5
2013-03-23;13:48:03;185;update;46.7063128652;15.403204637;5
2013-03-23;13:48:08;185;update;46.7058523674;15.4025715987;5
2013-03-23;13:48:14;185;update;46.7052784446;15.4018582914;5
2013-03-23;13:48:19;185;update;46.7048390406;15.4012842864;5
2013-03-23;13:48:25;185;update;46.704143406;15.4009406678;5
2013-03-23;13:48:30;185;update;46.7035102983;15.4008202433;5
2013-03-23;13:48:36;185;update;46.7028101084;15.4006095699;5
2013-03-23;13:48:42;185;update;46.70221219;15.4003847969;5
2013-03-23;13:48:47;185;update;46.7017060123;15.4006553191;5
2013-03-23;13:48:53;185;update;46.7010310831;15.4006586492;5
2013-03-23;13:48:58;185;update;46.7004008492;15.4003658265;5
2013-03-23;13:49:04;185;update;46.6996396717;15.3999466946;5
2013-03-23;13:49:09;185;update;46.6990178063;15.3994914;5
2013-03-23;13:49:13;185;update;46.6984467528;15.3988477509;5
2013-03-23;13:49:20;185;update;46.6977052898;15.3980055214;5
2013-03-23;13:49:26;185;update;46.6969440625;15.3972728758;5
2013-03-23;13:49:30;185;update;46.6966439701;15.3968755483;5
2013-03-23;13:49:44;185;update;46.6965897528;15.3967146857;5
2013-03-23;13:49:49;185;update;46.6962982472;15.3966862906;5
2013-03-23;13:49:55;185;update;46.6955683829;15.3963118815;5
2013-03-23;13:49:59;185;update;46.6948194807;15.3958648609;5
2013-03-23;13:50:06;185;update;46.6936452592;15.395707995;5
2013-03-23;13:50:12;185;update;46.6923937774;15.3956546354;5
2013-03-23;13:50:18;185;update;46.6911931828;15.3956156414;5
2013-03-23;13:50:23;185;update;46.6902637902;15.3954586841;5
2013-03-23;13:50:29;185;update;46.6891797873;15.3954515308;5
2013-03-23;13:50:33;185;update;46.688262522;15.3958055368;5
2013-03-23;13:50:40;185;update;46.6872721581;15.3963607088;5
2013-03-23;13:50:45;185;update;46.6864931532;15.3969043208;5
2013-03-23;13:50:50;185;update;46.6857132825;15.3972963563;5
2013-03-23;13:50:56;185;update;46.6847813766;15.3978445109;5
2013-03-23;13:51:01;185;update;46.6841587541;15.3986174528;5
2013-03-23;13:51:07;185;update;46.6833391992;15.3992200744;5
2013-03-23;13:51:13;185;update;46.6823790796;15.3996945166;5
2013-03-23;13:51:17;185;update;46.68169187;15.4002554853;5
2013-03-23;13:51:23;185;update;46.6810917258;15.4009312459;5
2013-03-23;13:51:29;185;update;46.6804154267;15.4014823591;5
2013-03-23;13:51:34;185;update;46.6798115135;15.4016026813;5
2013-03-23;13:51:40;185;update;46.6791730451;15.4016136193;5
2013-03-23;13:51:46;185;update;46.6784468118;15.4016677514;5
2013-03-23;13:51:52;185;update;46.6777685135;15.4018050656;5
2013-03-23;13:51:57;185;update;46.6772838747;15.4020997749;5
2013-03-23;13:52:03;185;update;46.6769777597;15.4023935773;5
2013-03-23;13:52:08;185;update;46.6766004394;15.4028254311;5
2013-03-23;13:52:15;185;update;46.6762063291;15.4037406956;5
2013-03-23;13:52:20;185;update;46.6760155854;15.4050014091;5
2013-03-23;13:52:24;185;update;46.6759474585;15.4061394858;5
2013-03-23;13:52:30;185;update;46.6756486199;15.4072134491;5
2013-03-23;13:52:36;185;update;46.6753395239;15.4085077179;5
2013-03-23;13:52:41;185;update;46.6753748031;15.4097804613;5
2013-03-23;13:52:45;185;update;46.6750725777;15.4111301694;5
2013-03-23;13:52:51;185;update;46.6747033596;15.4123652492;5
2013-03-23;13:52:57;185;update;46.6738223841;15.4132332632;5
2013-03-23;13:53:02;185;update;46.673255933;15.4139388585;5
2013-03-23;13:53:09;185;update;46.6726368067;15.4152926118;5
2013-03-23;13:53:12;185;update;46.6721707367;15.4164685106;5
2013-03-23;13:53:19;185;update;46.6720455811;15.4181185231;5
2013-03-23;13:53:24;185;update;46.6720032875;15.4194370584;5
2013-03-23;13:53:30;185;update;46.6717463821;15.4207367803;5
2013-03-23;13:53:34;185;update;46.6713539366;15.4215717965;5
2013-03-23;13:53:40;185;update;46.671012059;15.4223111836;5
2013-03-23;13:53:46;185;update;46.6709520144;15.4234946093;5
2013-03-23;13:53:51;185;update;46.6710125069;15.4246509018;5
2013-03-23;13:53:57;185;update;46.6714769982;15.4261586466;5
2013-03-23;13:54:03;185;update;46.6716662075;15.4275414837;5
2013-03-23;13:54:08;185;update;46.671638166;15.4292630602;5
2013-03-23;13:54:13;185;update;46.6715590629;15.4306295217;5
2013-03-23;13:54:17;185;update;46.6714267654;15.4318871567;5
2013-03-23;13:54:24;185;update;46.6710543463;15.4333002771;5
2013-03-23;13:54:30;185;update;46.6704051615;15.4343379157;5
2013-03-23;13:54:34;185;update;46.6700622483;15.4348602548;5
2013-03-23;13:54:39;185;update;46.6700270667;15.4360692835;5
2013-03-23;13:54:46;185;update;46.6701023545;15.437359951;5
2013-03-23;13:54:50;185;update;46.6699908515;15.4387106426;5
2013-03-23;13:54:56;185;update;46.6697433065;15.4401003989;5
2013-03-23;13:55:01;185;update;46.6692830127;15.4414551757;5
2013-03-23;13:55:10;185;update;46.6690766117;15.4429740339;5
2013-03-23;13:55:12;185;update;46.6686888863;15.4444774709;5
2013-03-23;13:55:19;185;update;46.6681943636;15.4458602765;5
2013-03-23;13:55:25;185;update;46.6679411208;15.4472302875;5
2013-03-23;13:55:30;185;update;46.6680580414;15.4484617603;5
2013-03-23;13:55:36;185;update;46.6681510822;15.4498593419;5
2013-03-23;13:55:44;185;update;46.6683158995;15.4510646394;5
2013-03-23;13:55:46;185;update;46.6682797091;15.4521672305;5
2013-03-23;13:55:52;185;update;46.6679799161;15.4534970332;5
2013-03-23;13:55:58;185;update;46.667688098;15.4550849837;5
2013-03-23;13:56:03;185;update;46.6677214242;15.4563327966;5
2013-03-23;13:56:07;185;update;46.6678324228;15.4574980586;5
2013-03-23;13:56:15;185;update;46.6677759249;15.4588769939;5
2013-03-23;13:56:21;185;update;46.6680081414;15.4600917081;5
2013-03-23;13:56:26;185;update;46.6682730457;15.4611896152;5
2013-03-23;13:56:32;185;update;46.6683113507;15.4622183903;5
2013-03-23;13:56:40;185;update;46.668273609;15.4627805998;5
2013-03-23;13:57:07;185;update;46.6682757471;15.4628332532;5
2013-03-23;13:57:13;185;update;46.668339279;15.4635132789;5
2013-03-23;13:57:18;185;update;46.66825172;15.4646196228;5
2013-03-23;13:57:25;185;update;46.6680582677;15.4655050312;5
2013-03-23;13:57:30;185;update;46.6677579946;15.466045667;5
2013-03-23;13:57:36;185;update;46.6675533994;15.4668714966;5
2013-03-23;13:57:42;185;update;46.6674368076;15.4675232659;5
2013-03-23;13:57:47;185;update;46.6673316571;15.4677228651;5
2013-03-23;13:58:01;185;update;46.6671547295;15.4676955051;5
2013-03-23;13:59:22;185;update;46.6671547295;15.4676955051;5
2013-03-23;13:59:31;185;update;46.6672582923;15.4674911843;5
2013-03-23;14:02:57;185;update;46.6678118427;15.4680606054;5
